{
    "969f27bcdcff1": {
        "title": "Ok",
        "urls": [
            "https://bestinnovative.tech/sitemap.php"
        ],
        "referrers": [],
        "duration": [
            6,
            9
        ],
        "mainMacro": "await WaitForLoading ();\nawait Delay(1000);\nawait Delay(Random(1000, 2000));\nSendMouseWheel(0, 200);\nawait Delay(Random(1000, 2000));\nSendMouseWheel(0, 800);\nClickByClass(\"coinzilla\");\nawait WaitForLoading();\nSendMouseWheel(0, 200);\nawait Delay(Random(1000, 2000));\nawait ClickByCoordinates(121, 81, 857, 166);\nawait WaitForLoading();\nawait Delay(Random(1000, 2000));\nClickByClass(\"_fa7cdd4c68507744\");\nawait Delay(Random(1000, 2000));\nawait ClickByCoordinates(652, 302, 980, 576);\nawait Delay(Random(1000, 2000));\nClickByClass(\"adsterra\");\nSendMouseWheel(0, 200);\nawait Delay(Random(1000, 2000));\nClickByClass(\"62b03c8fd42a6aba5be360b5\");\nawait Delay(Random(1000, 2000));\nClickByClass(\"coinzilla\");\nawait Delay(Random(1000, 2000));\nClickByClass(\"_fa7cdd4c68507744\");\nawait Delay(Random(1000, 2000));\nawait ClickBySelector('html>body', 0, 1, '2>0>0', 'frame-path');\nSendMouseWheel(0, 200);\nawait Delay(Random(1000, 2000));\nClickByClass(\"coinzilla\");\nawait Delay(Random(1000, 2000));\nClickByClass(\"62b03c8fd42a6aba5be360b5\");\nawait Delay(Random(1000, 2000));\nawait ClickBySelector('html>body', 0, 1, '2>0>0', 'frame-path');",
        "popMacro": "",
        "maxPopups": 99,
        "blockType": "patterns",
        "blockRule": "",
        "injectStart": "",
        "injectEnd": "",
        "acceptLanguages": {},
        "enabled": true,
        "id": "969f27bcdcff1"
    }
}