{
    "adcf8a6b06066": {
        "title": "z",
        "urls": [
            "https://ipallinone.com/home-page/"
        ],
        "referrers": [],
        "duration": [
            30,
            45
        ],
        "mainMacro": "await WaitForLoading ();\nawait Delay(3000);\nawait Delay(Random(2000, 3000));\nSendMouseWheel(0, 200);\nawait Delay(Random(2000, 3000));\nSendMouseWheel(0, 800);\nClickByClass(\"coinzilla\");\nawait WaitForLoading();\nSendMouseWheel(0, 200);\nawait Delay(Random(1000, 2000));\nawait ClickByCoordinates(121, 81, 857, 166);\nawait WaitForLoading();\nawait Delay(Random(1000, 3000));\nClickByClass(\"_fa7cdd4c68507744\");\nawait Delay(Random(1000, 3000));\nawait ClickByCoordinates(652, 302, 980, 576);\nawait Delay(Random(1000, 3000));\nClickByClass(\"adsterra\");\nSendMouseWheel(0, 200);\nawait Delay(Random(1000, 3000));\nClickByClass(\"62b03c8fd42a6aba5be360b5\");\nawait Delay(Random(1000, 3000));\nClickByClass(\"coinzilla\");\nawait Delay(Random(1000, 3000));\nClickByClass(\"_fa7cdd4c68507744\");\nawait Delay(Random(1000, 3000));\nClickByClass(\"62b03c8fd42a6aba5be360b5\");\nSendMouseWheel(0, 200);\nawait Delay(Random(1000, 2000));\nClickByClass(\"coinzilla\");\nawait Delay(Random(1000, 3000));\nClickByClass(\"62b03c8fd42a6aba5be360b5\");",
        "popMacro": "",
        "maxPopups": 99,
        "blockType": "patterns",
        "blockRule": "",
        "injectStart": "",
        "injectEnd": "",
        "acceptLanguages": {},
        "enabled": true,
        "id": "adcf8a6b06066",
        "selected": true
    },
    "b317b7882d8d4": {
        "title": "z - Copy",
        "urls": [
            "https://ipallinone.com/home-page/"
        ],
        "referrers": [],
        "duration": [
            30,
            45
        ],
        "mainMacro": "await WaitForLoading ();\nawait Delay(3000);\nawait Delay(Random(2000, 3000));\nSendMouseWheel(0, 200);\nawait Delay(Random(2000, 3000));\nSendMouseWheel(0, 800);\nClickByClass(\"coinzilla\");\nawait WaitForLoading();\nSendMouseWheel(0, 200);\nawait Delay(Random(1000, 2000));\nawait ClickByCoordinates(121, 81, 857, 166);\nawait WaitForLoading();\nawait Delay(Random(1000, 3000));\nClickByClass(\"_fa7cdd4c68507744\");\nawait Delay(Random(1000, 3000));\nawait ClickByCoordinates(652, 302, 980, 576);\nawait Delay(Random(1000, 3000));\nClickByClass(\"adsterra\");\nSendMouseWheel(0, 200);\nawait Delay(Random(1000, 3000));\nClickByClass(\"62b03c8fd42a6aba5be360b5\");\nawait Delay(Random(1000, 3000));\nClickByClass(\"coinzilla\");\nawait Delay(Random(1000, 3000));\nClickByClass(\"_fa7cdd4c68507744\");\nawait Delay(Random(1000, 3000));\nClickByClass(\"62b03c8fd42a6aba5be360b5\");\nSendMouseWheel(0, 200);\nawait Delay(Random(1000, 2000));\nClickByClass(\"coinzilla\");\nawait Delay(Random(1000, 3000));\nClickByClass(\"62b03c8fd42a6aba5be360b5\");",
        "popMacro": "",
        "maxPopups": 99,
        "blockType": "patterns",
        "blockRule": "",
        "injectStart": "",
        "injectEnd": "",
        "acceptLanguages": {},
        "enabled": true,
        "id": "b317b7882d8d4",
        "selected": true
    }
}